{"cameraMode":{"drawMode":0,"name":"Shaded","section":"Shading Mode"},"sceneLighting":true,"audioPlay":false,"sceneViewState":{"m_AlwaysRefresh":false,"showFog":true,"showSkybox":true,"showFlares":true,"showImageEffects":true,"showParticleSystems":true,"showVisualEffectGraphs":true,"m_FxEnabled":true},"in2DMode":false,"pivot":{"x":-2.6537201404571535,"y":-16.843917846679689,"z":-3.6854989528656008},"rotation":{"x":-0.08091910183429718,"y":0.0071735624223947529,"z":-0.0005827877321280539,"w":-0.9966979026794434},"size":0.8744181394577026,"orthographic":false}